{"cameraMode":{"drawMode":0,"name":"Shaded","section":"Shading Mode"},"sceneLighting":true,"audioPlay":false,"sceneViewState":{"showFog":true,"showMaterialUpdate":false,"showSkybox":true,"showFlares":true,"showImageEffects":true,"showParticleSystems":true},"in2DMode":false,"pivot":{"x":-16.522323608398439,"y":-25.404932022094728,"z":5.901293754577637},"rotation":{"x":-0.3202275037765503,"y":0.6288855075836182,"z":-0.3181186020374298,"w":-0.6330544948577881},"size":64.08745574951172,"orthographic":false}