{"cameraMode":{"drawMode":0,"name":"Shaded","section":"Shading Mode"},"sceneLighting":true,"audioPlay":false,"sceneViewState":{"showFog":true,"showMaterialUpdate":false,"showSkybox":true,"showFlares":true,"showImageEffects":true,"showParticleSystems":true},"in2DMode":false,"pivot":{"x":2.8409948348999025,"y":0.20077896118164063,"z":15.322540283203125},"rotation":{"x":0.32196730375289919,"y":0.1603633016347885,"z":-0.05543294921517372,"w":0.9314225316047669},"size":33.8238525390625,"orthographic":false}